{"cameraMode":{"drawMode":0,"name":"Shaded","section":"Shading Mode"},"sceneLighting":true,"audioPlay":false,"sceneViewState":{"m_AlwaysRefresh":true,"showFog":true,"showSkybox":true,"showFlares":true,"showImageEffects":true,"showParticleSystems":true,"showVisualEffectGraphs":true,"m_FxEnabled":true},"in2DMode":false,"pivot":{"x":-4.643080711364746,"y":-7.911187171936035,"z":22.682697296142579},"rotation":{"x":-0.019420025870203973,"y":-0.8355147838592529,"z":0.5483692288398743,"w":-0.02958185039460659},"size":19.915512084960939,"orthographic":false}