{"cameraMode":{"drawMode":0,"name":"Shaded","section":"Shading Mode"},"sceneLighting":true,"audioPlay":false,"sceneViewState":{"showFog":true,"showMaterialUpdate":true,"showSkybox":true,"showFlares":true,"showImageEffects":true,"showParticleSystems":true},"in2DMode":false,"pivot":{"x":9.732412338256836,"y":0.9859936237335205,"z":-3.025054693222046},"rotation":{"x":0.2865206003189087,"y":0.5529499053955078,"z":-0.2102237194776535,"w":0.7536330819129944},"size":79.34454345703125,"orthographic":false}